﻿pos_x,pos_y,rotation,side,designator,mpn,pack,footprint,value,mount_type,place
73.676,-52.758,0.0,top,H1,,,MountingHole_3.5mm,Panel MountingHole,tht,False
195.388,-141.375,0.0,top,H10,,,MountingHole_6mm,Fan MountingHole,tht,False
232.519,-53.149,0.0,top,H2,,,MountingHole_3.5mm,Panel MountingHole,tht,False
73.648,-148.736,0.0,top,H3,,,MountingHole_3.5mm,Panel MountingHole,tht,False
231.648,-148.736,0.0,top,H4,,,MountingHole_3.5mm,Panel MountingHole,tht,False
91.758,-126.511,0.0,top,H5,,,MountingHole_8.4mm_M8,DC Jack,tht,False
153.276,-100.592,0.0,top,H6,,,MountingHole_8.4mm_M8,Fan,tht,False
111.659,-58.825,0.0,top,H7,,,MountingHole_6mm,Fan MountingHole,tht,False
194.261,-58.984,0.0,top,H8,,,MountingHole_6mm,Fan MountingHole,tht,False
111.659,-141.375,0.0,top,H9,,,MountingHole_6mm,Fan MountingHole,tht,False
