﻿pos_x,pos_y,rotation,side,designator,mpn,pack,footprint,value,mount_type,place
109.75,-64.5,-90.0,top,C1,,,C_0805_2012Metric,3n9,smt,True
157.379999,-102.84,180.0,top,C10,,,C_0805_2012Metric,100nF,smt,True
162.4,-95.1,90.0,top,C11,,,C_Rect_L19.0mm_W8.0mm_P15.00mm_MKS4,220nF,tht,True
127.6,-111.550001,90.0,top,C12,,,C_0805_2012Metric,4.7nF,smt,True
103.53,-145.950001,-90.0,top,C13,,,C_0805_2012Metric,100nF,smt,True
107.66,-145.8525,90.0,top,C14,,,CP_EIA-3528-21_Kemet-B,100uF/10V,smt,True
129.0,-106.6,-90.0,top,C15,,,C_0805_2012Metric,1uF,smt,True
127.850001,-102.44,180.0,top,C16,,,C_0805_2012Metric,100nF,smt,True
110.1825,-54.225,0.0,top,C17,,,C_0805_2012Metric_Pad1.18x1.45mm_HandSolder,1uF,smt,True
196.2,-139.700001,90.0,top,C18,,,C_0805_2012Metric,100nF,smt,True
174.442499,-129.0475,90.0,top,C19,,,CP_EIA-3528-21_Kemet-B,10uF/16V,smt,True
195.0,-76.75,180.0,top,C2,,,C_0805_2012Metric,3n9,smt,True
202.0,-138.75,90.0,top,C20,,,CP_Radial_D8.0mm_P5.00mm,1000uF,tht,True
155.9,-131.150001,90.0,top,C21,,,C_0805_2012Metric,100nF,smt,True
167.427499,-121.97125,180.0,top,C22,,,CP_EIA-3528-21_Kemet-B,47uF/10V,smt,True
199.75,-102.5,0.0,top,C23,,,C_0805_2012Metric,100nF,smt,True
109.4,-58.5,180.0,top,C24,,,C_0805_2012Metric_Pad1.18x1.45mm_HandSolder,10uF,smt,True
105.45,-61.1,90.0,top,C25,,,C_0805_2012Metric,100nF,smt,True
128.7,-122.5,-90.0,top,C26,,,C_0805_2012Metric_Pad1.18x1.45mm_HandSolder,10uF,smt,True
132.1,-113.2,0.0,top,C27,,,C_0805_2012Metric,100nF,smt,True
132.2,-125.8,180.0,top,C28,,,C_0805_2012Metric_Pad1.18x1.45mm_HandSolder,1uF,smt,True
153.25,-104.25,90.0,top,C3,,,C_0805_2012Metric,1n,smt,True
196.1,-105.1,-90.0,top,C30,,,C_0805_2012Metric,100nF,smt,True
167.5025,-125.25875,180.0,top,C31,,,C_0805_2012Metric_Pad1.18x1.45mm_HandSolder,220nF,smt,True
199.25,-121.9225,90.0,top,C32,,,C_0805_2012Metric_Pad1.18x1.45mm_HandSolder,220nF,smt,True
116.0,-80.397349,-90.0,top,C34,,,CP_Radial_D8.0mm_P5.00mm,220uF,tht,True
179.0,-137.2,90.0,top,C35,,,C_0805_2012Metric_Pad1.18x1.45mm_HandSolder,220nF,smt,True
106.1125,-78.075,-90.0,top,C36,,,C_0805_2012Metric,100nF,smt,True
135.92,-110.37,-90.0,top,C37,,,C_0805_2012Metric,100nF,smt,True
153.3,-119.75,180.0,top,C38,,,C_0805_2012Metric,100nF,smt,True
149.7,-120.0,180.0,top,C39,,,C_0805_2012Metric,100nF,smt,True
132.2,-106.6,-90.0,top,C4,,,C_0805_2012Metric,1uF,smt,True
144.6,-125.7,0.0,top,C40,,,C_0805_2012Metric,4.7nF,smt,True
149.8,-117.8,0.0,top,C41,,,C_0805_2012Metric,470nF,smt,True
157.3,-120.25,0.0,top,C42,,,C_0805_2012Metric,470pF,smt,True
189.3,-142.9,180.0,top,C43,,,CP_EIA-7343-31_Kemet-D,100uF/20V,smt,True
99.0,-105.6,-90.0,top,C44,,,C_0805_2012Metric_Pad1.18x1.45mm_HandSolder,1uF,smt,True
139.2,-118.2,0.0,top,C48,,,C_0805_2012Metric_Pad1.18x1.45mm_HandSolder,10uF,smt,True
109.800001,-68.25,180.0,top,C5,,,C_0805_2012Metric,100nF,smt,True
114.3,-72.5,0.0,top,C6,,,C_0805_2012Metric,100nF,smt,True
186.8,-78.5,90.0,top,C7,,,C_0805_2012Metric,100nF,smt,True
192.8,-83.250001,-90.0,top,C8,,,C_0805_2012Metric,100nF,smt,True
161.93,-103.640001,90.0,top,C9,,,C_0805_2012Metric,100nF,smt,True
194.774372,-79.7,180.0,top,D1,,,SOT-23,BAV199,smt,True
113.778,-150.9,0.0,top,D10,,,D_SMA,SS12,smt,True
113.5625,-64.55,180.0,top,D2,,,SOT-23,BAV199,smt,True
146.3875,-103.72,-90.0,top,D3,,,SOT-23,BAV199,smt,True
126.25,-77.35,-90.0,top,D4,,,D_SOD-123,1N4148W,smt,True
193.9,-133.5,180.0,top,D5,,,D_SOD-123,1N4148W,smt,True
177.5,-113.8,90.0,top,D6,,,D_SOD-123,5V1,smt,True
181.24341,-142.88409,90.0,top,D7,,,D_SOD-123,1N4148W,smt,True
157.8,-123.1,180.0,top,D9,,,SOT-23,BAV199,smt,True
190.0,-54.6,180.0,top,F1,,,Fuse_1206_3216Metric,375mA,smt,True
175.4,-97.7,90.0,top,F2,,,Fuseholder_Littelfuse_100_series_5x20mm,12A,tht,True
168.4,-112.3,180.0,top,F3,,,Fuse_1206_3216Metric,375mA,smt,True
185.5,-91.6,180.0,top,F4,,,Fuse_1206_3216Metric,375mA,smt,True
193.02,-58.1,180.0,top,FA1,,,Fuse_Littelfuse_395Series,250mA,tht,True
157.7,-70.0,90.0,top,J1,,,Altech_AK300_1x02_P5.00mm_45-Degree,Input Terminal,tht,True
169.9,-105.26,0.0,top,J10,,,PinHeader_1x02_P2.54mm_Vertical,Conn_01x02_Pin,tht,True
98.77,-85.0,90.0,top,J2,,,PinHeader_1x05_P2.54mm_Vertical,Rotary Encoder,tht,True
197.9,-91.2,0.0,top,J3,,,Altech_AK300_1x02_P5.00mm_45-Degree,Sense Switch,tht,True
203.5,-57.8,180.0,top,J4,,,Altech_AK300_1x02_P5.00mm_45-Degree,12VDC,tht,True
100.52,-80.96,90.0,top,J5,,,FanPinHeader_1x04_P2.54mm_Vertical,Fan1,tht,True
137.4,-130.1,90.0,top,J6,,,PinSocket_1x07_P2.54mm_Vertical,128x128 OLED,tht,True
100.48,-66.24,90.0,top,J7,,,FanPinHeader_1x04_P2.54mm_Vertical,Fan2,tht,True
189.8,-87.925,0.0,top,J9,,,PinHeader_1x02_P2.54mm_Vertical,Conn_01x02_Pin,tht,True
131.0,-83.5,90.0,top,K1,,,Relay_SPDT_Omron_G2RL-1,G2RL-1-HA,tht,True
131.0,-86.1,90.0,top,K2,,,Relay_SPST_Omron_G2RL-1A-E,Alternate,tht,True
131.2,-56.59833,0.0,top,M1,,,TO-247-3_Vertical,SUG80050E,tht,True
163.4,-56.5,0.0,top,M2,,,TO-247-3_Vertical,SUG80050E,tht,True
150.2625,-107.9,0.0,top,M3,,,SOT-23,BSS138,smt,True
120.6375,-100.35,0.0,top,M4,,,SOT-23,BSS138,smt,True
204.7,-66.337501,90.0,top,M5,,,SOT-23,AO3401A,smt,True
119.3625,-127.65,180.0,top,M7,,,SOT-23,BSS138,smt,True
119.6,-120.2,0.0,top,M8,,,SOT-23,BSS138,smt,True
130.3375,-144.85,0.0,top,M9,,,SOT-23,BSS138,smt,True
106.03,-69.67,-90.0,top,Q1,,,SOT-23,2N3904,smt,True
106.281565,-73.906563,-90.0,top,Q2,,,SOT-23,2N3906,smt,True
194.9375,-74.0,0.0,top,Q3,,,SOT-23,2N3904,smt,True
189.9375,-76.05,0.0,top,Q4,,,SOT-23,2N3906,smt,True
146.04,-107.9,0.0,top,Q6,,,SOT-23,2N3906,smt,True
142.9675,-104.17,0.0,top,R1,,,R_0805_2012Metric,1Meg,smt,True
105.25,-65.3375,90.0,top,R10,,,R_0805_2012Metric,1k,smt,True
187.0,-65.0,90.0,top,R11,,,R_0805_2012Metric,2k,smt,True
191.5,-65.0,90.0,top,R12,,,R_0805_2012Metric,2k,smt,True
185.5,-69.5875,90.0,top,R13,,,R_0805_2012Metric,2k,smt,True
192.5,-69.5875,90.0,top,R14,,,R_0805_2012Metric,2k,smt,True
191.0875,-73.0,180.0,top,R15,,,R_0805_2012Metric,1k,smt,True
170.1625,-70.8,180.0,top,R16,,,R_2512_6332Metric,80m,smt,True
158.3,-60.4,-90.0,top,R17,,,R_0805_2012Metric,1k,smt,True
170.1625,-65.91,180.0,top,R18,,,R_2512_6332Metric,80m,smt,True
189.0,-69.5875,90.0,top,R19,,,R_0805_2012Metric,20k,smt,True
150.9125,-101.5,180.0,top,R2,,,R_0805_2012Metric,9k1,smt,True
196.0,-69.5875,90.0,top,R20,,,R_0805_2012Metric,20k,smt,True
126.5,-68.3375,90.0,top,R21,,,R_0805_2012Metric,20k,smt,True
122.0,-68.3375,90.0,top,R22,,,R_0805_2012Metric,20k,smt,True
119.25,-63.9125,90.0,top,R23,,,R_0805_2012Metric,20k,smt,True
125.5,-63.9125,90.0,top,R24,,,R_0805_2012Metric,20k,smt,True
189.25,-65.0,90.0,top,R25,,,R_0805_2012Metric,20k,smt,True
193.75,-65.0,90.0,top,R26,,,R_0805_2012Metric,20k,smt,True
158.7675,-110.6,0.0,top,R27,,,R_0805_2012Metric,100k,smt,True
162.2675,-110.6,180.0,top,R28,,,R_0805_2012Metric,100k,smt,True
150.065,-104.65,0.0,top,R29,,,R_0805_2012Metric,7k5,smt,True
109.75,-72.5,-90.0,top,R3,,,R_0805_2012Metric,1k,smt,True
147.9025,-110.65,0.0,top,R30,,,R_0805_2012Metric,200k,smt,True
142.33,-107.1,0.0,top,R31,,,R_0805_2012Metric,100k,smt,True
148.28,-94.2,0.0,top,R32,,,R_Axial_DIN0922_L20.0mm_D9.0mm_P7.62mm_Vertical,10R,tht,True
117.25,-100.3375,-90.0,top,R33,,,R_0805_2012Metric,100k,smt,True
161.2,-122.7875,-90.0,top,R34,,,R_0805_2012Metric,15k,smt,True
182.0,-106.5,0.0,top,R35,,,R_0805_2012Metric,10k,smt,True
201.5,-67.2,-90.0,top,R36,,,R_0805_2012Metric,10k,smt,True
204.7875,-69.650002,0.0,top,R37,,,R_0805_2012Metric,10k,smt,True
197.3125,-110.5,0.0,top,R38,,,R_0805_2012Metric,43k,smt,True
187.0875,-106.5,0.0,top,R39,,,R_0805_2012Metric,0,smt,True
144.965585,-66.034415,0.0,top,R4,,,R_2512_6332Metric,80m,smt,True
195.6,-108.5,0.0,top,R40,,,R_0805_2012Metric,200,smt,True
204.0875,-108.0,0.0,top,R41,,,R_0805_2012Metric,200,smt,True
143.8,-119.9,0.0,top,R42,,,R_0805_2012Metric,15k,smt,True
203.2,-105.6,180.0,top,R43,,,R_0805_2012Metric,43k,smt,True
193.1,-104.6875,90.0,top,R44,,,R_0805_2012Metric,1Meg,smt,True
203.2,-103.5,0.0,top,R45,,,R_0805_2012Metric,1Meg,smt,True
143.8,-118.0,180.0,top,R46,,,R_0805_2012Metric,100,smt,True
100.4,-69.1,180.0,top,R47,,,R_0805_2012Metric,1k8,smt,True
106.3025,-55.665,90.0,top,R48,,,R_0805_2012Metric,75R,smt,True
148.0875,-125.75,0.0,top,R49,,,R_0805_2012Metric,100k,smt,True
144.965585,-70.924415,0.0,top,R5,,,R_2512_6332Metric,80m,smt,True
109.3025,-56.415,0.0,top,R50,,,R_0805_2012Metric,75R,smt,True
148.1625,-122.55,0.0,top,R51,,,R_0805_2012Metric,2k,smt,True
157.28,-118.22,0.0,top,R52,,,R_0805_2012Metric,30k,smt,True
113.7655,-146.1,0.0,top,R53,,,R_0805_2012Metric,0,smt,True
157.1875,-108.5,0.0,top,R55,,,R_0805_2012Metric,1k,smt,True
161.1,-118.2,180.0,top,R56,,,R_0805_2012Metric,1k,smt,True
118.1,-111.8,-90.0,top,R57,,,R_0805_2012Metric,1k8,smt,True
190.0,-82.5,180.0,top,R58,,,R_0805_2012Metric,20k,smt,True
118.0,-68.3375,90.0,top,R59,,,R_0805_2012Metric,20k,smt,True
124.25,-68.3375,90.0,top,R6,,,R_0805_2012Metric,2k,smt,True
139.3125,-120.2,180.0,top,R60,,,R_0805_2012Metric,1R,smt,True
119.8,-139.3,-90.0,top,R61,,,R_0805_2012Metric,2k,smt,True
128.7,-126.1875,-90.0,top,R62,,,R_0805_2012Metric,2k,smt,True
117.8,-139.3,-90.0,top,R63,,,R_0805_2012Metric,2k,smt,True
128.294414,-119.5,0.0,top,R64,,,R_0805_2012Metric,2k,smt,True
186.1125,-87.9,180.0,top,R65,,,R_0805_2012Metric,12k,smt,True
186.1875,-85.6,180.0,top,R66,,,R_0805_2012Metric,0,smt,True
167.0,-104.4,90.0,top,R67,,,R_0805_2012Metric,3k3,smt,True
167.0,-108.0875,90.0,top,R68,,,R_0805_2012Metric,1k1,smt,True
144.2,-122.8875,-90.0,top,R69,,,R_0805_2012Metric,100k,smt,True
128.75,-68.3375,90.0,top,R7,,,R_0805_2012Metric,2k,smt,True
122.25,-63.9125,90.0,top,R8,,,R_0805_2012Metric,2k,smt,True
128.5,-63.9125,90.0,top,R9,,,R_0805_2012Metric,2k,smt,True
182.4,-113.5,180.0,top,RV1,,,Potentiometer_Bourns_3296W_Vertical,2k 25T,tht,True
138.2,-102.6,-90.0,top,RV2,,,Potentiometer_Bourns_3296W_Vertical,2k 25T,tht,True
98.75,-92.0,0.0,top,SW2,,,RotaryEncoder_Alps_EC11E-Switch_Vertical_H20mm,RotaryEncoder_Switch,tht,True
172.0,-154.6,0.0,top,TP1,,,TestPoint_THTPad_2.0x2.0mm_Drill1.0mm,GND,tht,True
132.0,-96.9,0.0,top,TP2,,,TestPoint_THTPad_2.0x2.0mm_Drill1.0mm,GND,tht,True
125.9,-105.0,0.0,top,TP3,,,TestPoint_THTPad_2.0x2.0mm_Drill1.0mm,DUT_I,tht,True
167.0,-154.6,0.0,top,TP4,,,TestPoint_THTPad_2.0x2.0mm_Drill1.0mm,DSO_Trig,tht,True
138.4,-126.2,0.0,top,TP5,,,TestPoint_THTPad_2.0x2.0mm_Drill1.0mm,DAC,tht,True
113.205937,-69.268436,90.0,top,U1,,,SOT-23-5,MCP6V51,smt,True
152.8625,-122.8,0.0,top,U10,,,SOT-23-5,TL071,smt,True
133.0675,-116.0,0.0,top,U11,,,MSOP-8_3x3mm_P0.65mm,DAC8571,smt,True
188.7,-136.1,180.0,top,U12,,,TO-220-3_Vertical,LM7805,tht,True
131.855,-110.23,0.0,top,U13,,,TSSOP-10_3x3mm_P0.5mm,ADS1115,smt,True
139.3,-115.4,0.0,top,U14,,,SOT-363_SC-70-6_Handsoldering,DG3157E,smt,True
140.77,-123.2,0.0,top,U15,,,SOT-363_SC-70-6_Handsoldering,DG3157E,smt,True
190.0,-79.75,0.0,top,U2,,,SOT-23-5,MCP6V51,smt,True
158.5425,-105.79,0.0,top,U3,,,SOT-23-5,MCP6V51,smt,True
199.3625,-105.3,0.0,top,U4,,,SOT-23-5,MCP6V51,smt,True
168.6675,-129.605,180.0,top,U5,,,SOIC-8_3.9x4.9mm_P1.27mm,ICL7660,smt,True
111.7,-113.9,0.0,top,U6,,,esp32_devkit_v1_doit,ESP32_DevKit_V1_DOIT,smt,True
150.17,-55.75,0.0,top,U7,,,TO-220-3_Vertical,LM35DT,tht,True
133.75,-122.0,0.0,top,U8,,,SOIC-8_3.9x4.9mm_P1.27mm,REF5040AD,smt,True
204.419962,-125.75,90.0,top,U9,,,TO-220-3_Vertical,LM7809,tht,True
