﻿Designator,Quantity,Value,Footprint,Package,MPN,DNP,Mount_Type,Description,LCSC#,Part#,Sim.Device,Sim.Pins
"C1, C2",2,3n9,C_0805_2012Metric,,,,smt,Unpolarized capacitor,C113861,CC0805KRX7R9BB392,,
"C10, C13, C16, C18, C21, C23, C25, C27, C30, C36, C37, C38, C39, C5, C6, C7, C8, C9",18,100nF,C_0805_2012Metric,,,,smt,Unpolarized capacitor,C49678,CC0805KRX7R9BB104,,
C11,1,220nF,C_Rect_L19.0mm_W8.0mm_P15.00mm_MKS4,,,,tht,Film,C18295920,MEF224K2G6AS6040A1,,
"C12, C40",2,4.7nF,C_0805_2012Metric,,,,smt,Unpolarized capacitor,C49678,CC0805KRX7R9BB104,,
C14,1,100uF/10V,CP_EIA-3528-21_Kemet-B,,,,smt,,C7196,TAJB107M010RNJ,,
"C15, C4",2,1uF,C_0805_2012Metric,,,,smt,Unpolarized capacitor,C91185,CC0805KKX7R9BB105,,
"C17, C28",2,1uF,C_0805_2012Metric_Pad1.18x1.45mm_HandSolder,,,,smt,,C91185,CC0805KKX7R9BB105,,
C19,1,10uF/16V,CP_EIA-3528-21_Kemet-B,,,,smt,,C7193,TAJB106K016RNJ,,
C20,1,1000uF,CP_Radial_D8.0mm_P5.00mm,,,,tht,,,,,
C22,1,47uF/10V,CP_EIA-3528-21_Kemet-B,,,,smt,,C22036,TAJB476K010RNJ,,
"C24, C26, C48",3,10uF,C_0805_2012Metric_Pad1.18x1.45mm_HandSolder,,,,smt,10uF 35V ceramic X5R or X7R,C162422,GRM21BR6YA106KE43L,,
C3,1,1n,C_0805_2012Metric,,,,smt,Unpolarized capacitor,C94121,CC0805KRX7R9BB102,,
"C31, C32, C35",3,220nF,C_0805_2012Metric_Pad1.18x1.45mm_HandSolder,,,,smt,,C163697,0805B224K500NT,,
C34,1,220uF,CP_Radial_D8.0mm_P5.00mm,,,,tht,,,,,
C41,1,470nF,C_0805_2012Metric,,,,smt,Unpolarized capacitor,C340300,C0805X474K050T,,
C42,1,470pF,C_0805_2012Metric,,,,smt,Unpolarized capacitor,C62771,CC0805JRNPO9BN471,,
C43,1,100uF/20V,CP_EIA-7343-31_Kemet-D,,,,smt,,C7224,TAJD107K020RNJ,,
C44,1,1uF,C_0805_2012Metric_Pad1.18x1.45mm_HandSolder,,,Yes,smt,,C91185,CC0805KKX7R9BB105,,
"D1, D2, D3, D9",4,BAV199,SOT-23,,,,smt,"BAV99 High-speed switching diodes, SOT-23",C68971,BAV199,,
D10,1,SS12,D_SMA,,,Yes,smt,"20V 1A Schottky Diode, SMA",C2479,SS12,,
"D4, D5, D7",3,1N4148W,D_SOD-123,,,,smt,"75V 0.15A Fast Switching Diode, SOD-123",C908248,1N4148W,D,1=K 2=A
D6,1,5V1,D_SOD-123,,,,smt,,C108142,MM1Z5B1,,
"F1, F3, F4",3,375mA,Fuse_1206_3216Metric,,,,smt,125V,C151132,0466.375NRHF,,
F2,1,12A,Fuseholder_Littelfuse_100_series_5x20mm,,,,tht,5x20 Fuse,C2927393, 9A.520SW1G1,,
FA1,1,250mA,Fuse_Littelfuse_395Series,,,,tht,Alternate THT,C187605,0467002.NRHF,,
J1,1,Input Terminal,Altech_AK300_1x02_P5.00mm_45-Degree,,,,tht,,C395852,DB103-5.0-2P-GN-S ,,
"J10, J9",2,Conn_01x02_Pin,PinHeader_1x02_P2.54mm_Vertical,,,,tht,[J10]Scope Mon; [J9]Function Generator Input,,,,
J2,1,Rotary Encoder,PinHeader_1x05_P2.54mm_Vertical,,,,tht,"Generic connector, single row, 01x05, script generated",,,,
J3,1,Sense Switch,Altech_AK300_1x02_P5.00mm_45-Degree,,,,tht,,C395852,DB103-5.0-2P-GN-S ,,
J4,1,12VDC,Altech_AK300_1x02_P5.00mm_45-Degree,,,,tht,,C395852,DB103-5.0-2P-GN-S ,,
J5,1,Fan1,FanPinHeader_1x04_P2.54mm_Vertical,,,,tht,"Molex KK254, 47053",,"Molex KK254,47053",,
J6,1,128x128 OLED,PinSocket_1x07_P2.54mm_Vertical,,,,tht,"Generic connector, single row, 01x07, script generated",,,,
J7,1,Fan2,FanPinHeader_1x04_P2.54mm_Vertical,,,,tht,"Molex KK254, 47053",,"Molex KK254,47053",,
K1,1,G2RL-1-HA,Relay_SPDT_Omron_G2RL-1,,,,tht,"General Purpose Low Profile Relay SPDT Through Hole, Omron G2RL series, High Sensitivity, 10A 250VAC",C1139034,Omron G2RL-1-HA DC12,,
K2,1,Alternate,Relay_SPST_Omron_G2RL-1A-E,,,,tht,"General Purpose Low Profile Relay SPST Through Hole High Capacity, Omron G2RL series, Normally Open, 16A 250VAC",C469120,Omron G2RL-1A-E-HA DC12,,
"M1, M2",2,SUG80050E,TO-247-3_Vertical,,,,tht,"10A Id, 1200V Vds, 280mOhm, N-Channel SiC MOSFET, TO-247",C6830084,SUG80050E-GE3,,
"M3, M4, M7, M8, M9",5,BSS138,SOT-23,,,,smt,"50V Vds, 0.22A Id, N-Channel MOSFET, SOT-23",C112239,BSS138-TP,,
M5,1,AO3401A,SOT-23,,,,smt,"-4.0A Id, -30V Vds, P-Channel MOSFET, SOT-23",C181091,AO3401,,
"Q1, Q3",2,2N3904,SOT-23,,,,smt,"0.1A Ic, 65V Vce, NPN Transistor, SOT-23",C18536,2N3904S-RTK/PS,,
"Q2, Q4, Q6",3,2N3906,SOT-23,,,,smt,"0.8A Ic, 45V Vce, PNP Transistor, SOT-23",C5300004,2N3906S-RTK/PS,,
"R1, R44, R45",3,1Meg,R_0805_2012Metric,,,,smt,Resistor,C107700,RC0805FR-071ML,,
"R10, R15, R17, R3, R55, R56",6,1k,R_0805_2012Metric,,,,smt,Resistor,C112432,WR08X1001FTL,,
"R11, R12, R13, R14, R51, R6, R61, R62, R63, R64, R7, R8, R9",13,2k,R_0805_2012Metric,,,,smt,Resistor,C17604,0805W8F2001T5E,,
"R16, R18, R4, R5",4,80m,R_2512_6332Metric,,,,smt,Resistor,C728314,PA2512FKE7W0R08E,,
"R19, R20, R21, R22, R23, R24, R25, R26, R58, R59",10,20k,R_0805_2012Metric,,,,smt,Resistor,C4328,0805W8F2002T5E,,
R2,1,9k1,R_0805_2012Metric,,,,smt,Resistor,C17855,0805W8F9101T5E,,
"R27, R28, R31, R33, R49, R69",6,100k,R_0805_2012Metric,,,,smt,Resistor,C149504,0805W8F1003T5E,,
R29,1,7k5,R_0805_2012Metric,,,,smt,Resistor,C114547,RC0805FR-077K5L,,
R30,1,200k,R_0805_2012Metric,,,,smt,Resistor,C17539,0805W8F2003T5E,,
R32,1,10R,R_Axial_DIN0922_L20.0mm_D9.0mm_P7.62mm_Vertical,,,,tht,5W (9x20mm) Vertical,C121953,MOF5WS-10Ω±5% T ,,
"R34, R42",2,15k,R_0805_2012Metric,,,,smt,Resistor,C728642,RT0805BRD0715KL,,
"R35, R36, R37",3,10k,R_0805_2012Metric,,,,smt,,C17414,0805W8F1002T5E,,
"R38, R43",2,43k,R_0805_2012Metric,,,,smt,,C3016790,SCR0805F43K2,,
R39,1,0,R_0805_2012Metric,,,Yes,smt,,C2907288,FRC0805P000 TS,,
"R40, R41",2,200,R_0805_2012Metric,,,,smt,,C17540,0805W8F2000T5E,,
R46,1,100,R_0805_2012Metric,,,,smt,Resistor,C110773,RT0805BRD07100RL,,
"R47, R57",2,1k8,R_0805_2012Metric,,,,smt,,C17398,0805W8F1801T5E,,
"R48, R50",2,75R,R_0805_2012Metric,,,,smt,,C17820,0805W8F750JT5E,,
R52,1,30k,R_0805_2012Metric,,,,smt,,C17621,0805W8F3002T5E,,
"R53, R66",2,0,R_0805_2012Metric,,,,smt,,C2907288,FRC0805P000 TS,,
R60,1,1R,R_0805_2012Metric,,,,smt,Resistor,C2930253,FRC0805J1R0TS,,
R65,1,12k,R_0805_2012Metric,,,,smt,Resistor,C17444,0805W8F1202T5E,,
R67,1,3k3,R_0805_2012Metric,,,,smt,,C26010,0805W8F3301T5E,,
R68,1,1k1,R_0805_2012Metric,,,,smt,,C17414,0805W8F1002T5E,,
"RV1, RV2",2,2k 25T,Potentiometer_Bourns_3296W_Vertical,,,,tht,[RV1]Voltage Gain Trim; [RV2]Current Gain Trim,C118206,3296W-1-202,,
SW2,1,RotaryEncoder_Switch,RotaryEncoder_Alps_EC11E-Switch_Vertical_H20mm,,,,tht,,,,,
"TP1, TP2",2,GND,TestPoint_THTPad_2.0x2.0mm_Drill1.0mm,,,,tht,,,,,
TP3,1,DUT_I,TestPoint_THTPad_2.0x2.0mm_Drill1.0mm,,,,tht,,,,,
TP4,1,DSO_Trig,TestPoint_THTPad_2.0x2.0mm_Drill1.0mm,,,,tht,,,,,
TP5,1,DAC,TestPoint_THTPad_2.0x2.0mm_Drill1.0mm,,,,tht,,,,,
"U1, U2, U3, U4",4,MCP6V51,SOT-23-5,,,,smt,"Low Noise, Precision, Rail-to-Rail Output, JFET Single Op Amp, SOT-23-5",C623529,MCP6V51T-E/OT,,
U10,1,TL071,SOT-23-5,,,,smt,"Rail-to-Rail Input/Output Operational Amplifier, SOT-23-5",C4370629,TL071HIDBVR,,
U11,1,DAC8571,MSOP-8_3x3mm_P0.65mm,,,,smt,"DAC, 16-Bit, Low Power, Voltage Output, Rail-to-Rail Output, I2C Interface, MSOP-8 3x3mm package",C60535,DAC8571IDGKR,,
U12,1,LM7805,TO-220-3_Vertical,,,,tht,,C3795,L7805CV-DG,,
U13,1,ADS1115,TSSOP-10_3x3mm_P0.5mm,,,,smt,,C37593,ADS1115IDGSR,,
"U14, U15",2,DG3157E,SOT-363_SC-70-6_Handsoldering,,,,smt,"Single SPDT 3V Logic Compatible CMOS Analog Switch, 6-Ohm Ron, with Vlogic, DIP-8",C2944066,BL1551B,,
U5,1,ICL7660,SOIC-8_3.9x4.9mm_P1.27mm,,,,smt,"Switched-Capacitor Voltage Converter, 1.5V to 10.0V operating supply voltage, 10mA with a 0.5V output drop, SO-8/DIP-8/µMAX-8/TO-99",C356724,ICL7660M/TR,,
U6,1,ESP32_DevKit_V1_DOIT,esp32_devkit_v1_doit,,,,smt,32-bit microcontroller module with WiFi and Bluetooth,,,,
U7,1,LM35DT,TO-220-3_Vertical,,,,tht,,C32861,LM35DT/NOPB,,
U8,1,REF5040AD,SOIC-8_3.9x4.9mm_P1.27mm,,,,smt,,C46274,REF5040AIDR,,
U9,1,LM7809,TO-220-3_Vertical,,,,tht,,C75512,LM7809L-TA3-T,,
