﻿pos_x,pos_y,rotation,side,designator,mpn,pack,footprint,value,mount_type,place
74.069,-52.992,0.0,top,H1,,,MountingHole_3.5mm,Panel MountingHole,tht,False
125.0,-134.0,0.0,top,H12,,,MountingHole_8.4mm_M8,4mm Main+,tht,False
198.0,-134.0,0.0,top,H12,,,MountingHole_8.4mm_M8,4mm Main+,tht,False
179.0,-134.0,0.0,top,H13,,,MountingHole_8.4mm_M8,4mm Main-,tht,False
106.0,-134.0,0.0,top,H13,,,MountingHole_8.4mm_M8,4mm Main-,tht,False
112.0,-71.0,0.0,top,H14,,,MountingHole_8.4mm_M8,USB-C,tht,False
232.912,-53.383,0.0,top,H2,,,MountingHole_3.5mm,Panel MountingHole,tht,False
74.041,-148.97,0.0,top,H3,,,MountingHole_3.5mm,Panel MountingHole,tht,False
232.041,-148.97,0.0,top,H4,,,MountingHole_3.5mm,Panel MountingHole,tht,False
205.0,-85.0,0.0,top,H5,,,MountingHole_8.4mm_M8,Rotary Encoder,tht,False
85.0,-71.0,0.0,top,H6,,,MountingHole_8.4mm_M8,Power Switch,tht,False
220.0,-120.0,0.0,top,H7,,,MountingHole_8.4mm_M8,BNC,tht,False
85.0,-120.0,0.0,top,H7,,,MountingHole_8.4mm_M8,BNC,tht,False
152.0,-134.0,0.0,top,H7,,,MountingHole_8.4mm_M8,Sense Switch,tht,False
