﻿Designator,Quantity,Value,Footprint,Package,MPN,DNP,Mount_Type,Description
"H1, H2, H3, H4",4,Panel MountingHole,MountingHole_3.5mm,,,,tht,Mounting Hole without connection
"H12, H12",2,4mm Main+,MountingHole_8.4mm_M8,,,,tht,Mounting Hole without connection
"H13, H13",2,4mm Main-,MountingHole_8.4mm_M8,,,,tht,Mounting Hole without connection
H14,1,USB-C,MountingHole_8.4mm_M8,,,,tht,Mounting Hole without connection
H5,1,Rotary Encoder,MountingHole_8.4mm_M8,,,,tht,Mounting Hole without connection
H6,1,Power Switch,MountingHole_8.4mm_M8,,,,tht,Mounting Hole without connection
"H7, H7",2,BNC,MountingHole_8.4mm_M8,,,,tht,Mounting Hole without connection
H7,1,Sense Switch,MountingHole_8.4mm_M8,,,,tht,Mounting Hole without connection
